id,file
016,016_220325_1753_5_5_4.jpg
016,016_220325_1753_5_5_5.jpg
016,016_220325_1753_5_5_6.jpg
016,016_220325_1753_5_5_7.jpg
016,016_220325_1753_5_5_8.jpg
016,016_220325_1756_4_0_1.jpg
016,016_220327_1439_5_5_3.jpg
016,016_220327_1705_5_5_2.jpg
016,016_220327_1705_5_5_3.jpg
016,016_220327_1707_4_0_3.jpg
016,016_220327_1709_1_0_1.jpg
016,016_220327_1709_1_0_10.jpg
016,016_220327_1709_1_0_11.jpg
016,016_220327_1709_1_0_12.jpg
016,016_220327_1709_1_0_13.jpg
016,016_220327_1709_1_0_14.jpg
016,016_220327_1709_1_0_15.jpg
016,016_220327_1709_1_0_16.jpg
016,016_220327_1709_1_0_17.jpg
016,016_220327_1709_1_0_18.jpg
016,016_220327_1709_1_0_19.jpg
016,016_220327_1709_1_0_2.jpg
016,016_220327_1709_1_0_3.jpg
016,016_220327_1709_1_0_4.jpg
016,016_220327_1709_1_0_5.jpg
016,Thumbs.db
028,028_220326_1343_2_0_1.jpg
028,028_220326_1343_2_0_2.jpg
028,028_220326_1343_2_0_3.jpg
028,028_220326_1343_2_0_4.jpg
028,028_220326_1343_2_0_5.jpg
028,028_220326_1343_2_0_6.jpg
028,028_220326_1343_2_0_7.jpg
028,028_220326_1343_2_0_8.jpg
028,028_220326_1343_2_0_9.jpg
028,028_220328_0634_2_0_1.jpg
028,028_220328_0638_5_5_1.jpg
028,028_220328_0638_5_5_2.jpg
028,028_220328_0638_5_5_3.jpg
028,028_220328_0638_5_5_5.jpg
028,028_220328_0638_5_5_6.jpg
028,028_220328_0638_5_5_7.jpg
028,028_220328_0638_5_5_8.jpg
028,028_220328_0644_5_5_1.jpg
028,028_220328_0644_5_5_2.jpg
028,028_220328_0644_5_5_3.jpg
028,028_220328_0644_5_5_4.jpg
028,028_220328_1645_2_0_54.jpg
028,028_220328_1645_2_0_55.jpg
028,028_220328_1645_2_0_56.jpg
028,028_220328_1645_2_0_57.jpg
028,028_220328_1645_2_0_58.jpg
028,028_220328_1645_2_0_59.jpg
028,028_220328_1645_2_0_60.jpg
028,028_220328_1645_2_0_61.jpg
028,028_220328_1645_2_0_62.jpg
028,028_220328_1645_2_0_63.jpg
028,028_220328_1645_2_0_64.jpg
028,028_220328_1645_2_0_65.jpg
028,028_220328_1645_2_0_66.jpg
028,028_220328_1645_2_0_67.jpg
028,028_220328_1645_2_0_68.jpg
028,028_220328_1645_2_0_69.jpg
028,028_220328_1645_2_0_70.jpg
028,028_220328_1645_2_0_71.jpg
028,028_220328_1645_2_0_72.jpg
028,028_220328_1645_2_0_73.jpg
028,028_220328_1646_2_0_1.jpg
028,028_220328_1646_2_0_2.jpg
028,028_220328_1646_2_0_3.jpg
028,028_220329_0632_5_5_1.jpg
028,028_220329_0632_5_5_2.jpg
028,028_220329_0632_5_5_3.jpg
028,028_220329_0632_5_5_5.jpg
028,028_220329_0632_5_5_6.jpg
028,028_220329_0632_5_5_7.jpg
028,028_220329_0632_5_5_8.jpg
028,028_220329_0633_4_0_1.jpg
028,028_220329_0633_4_0_2.jpg
028,028_220329_0633_4_0_3.jpg
028,028_220329_0638_5_5_1.jpg
028,028_220329_0638_5_5_2.jpg
028,028_220329_0638_5_5_4.jpg
028,028_220329_0638_5_5_5.jpg
028,028_220329_0638_5_5_6.jpg
028,028_220329_0638_5_5_7.jpg
028,028_220329_0638_5_5_8.jpg
028,028_220329_0644_5_5_1.jpg
028,028_220329_0644_5_5_2.jpg
028,028_220329_0644_5_5_3.jpg
028,028_220329_0644_5_5_4.jpg
028,028_220329_0644_5_5_5.jpg
028,028_220329_0644_5_5_6.jpg
028,028_220329_0644_5_5_7.jpg
028,028_220329_0644_5_5_8.jpg
028,028_220329_0650_5_5_1.jpg
028,028_220329_0650_5_5_2.jpg
028,028_220329_0650_5_5_4.jpg
028,028_220329_0650_5_5_6.jpg
028,028_220329_0650_5_5_7.jpg
028,028_220329_0650_5_5_8.jpg
028,028_220329_1625_5_5_1.jpg
028,028_220329_1625_5_5_2.jpg
028,028_220329_1625_5_5_4.jpg
028,028_220329_1625_5_5_5.jpg
028,028_220329_1625_5_5_6.jpg
028,028_220329_1625_5_5_7.jpg
028,028_220329_1625_5_5_8.jpg
028,028_220329_1631_2_0_1.jpg
028,028_220329_1631_2_0_2.jpg
028,028_220329_1631_2_0_3.jpg
028,028_220329_1631_2_0_4.jpg
028,028_220329_1631_2_0_5.jpg
028,028_220329_1631_2_0_6.jpg
028,028_220329_1631_2_0_7.jpg
028,028_220329_1631_5_5_1.jpg
028,028_220329_1631_5_5_2.jpg
028,028_220329_1631_5_5_3.jpg
028,028_220329_1631_5_5_4.jpg
028,028_220329_1631_5_5_5.jpg
028,028_220329_1631_5_5_6.jpg
028,028_220329_1631_5_5_7.jpg
028,028_220329_1631_5_5_8.jpg
028,028_220329_1637_5_5_1.jpg
028,028_220329_1637_5_5_2.jpg
028,028_220329_1637_5_5_3.jpg
028,028_220329_1637_5_5_4.jpg
028,028_220329_1637_5_5_5.jpg
028,028_220329_1637_5_5_7.jpg
028,028_220329_1637_5_5_8.jpg
028,028_220329_1643_5_5_1.jpg
028,028_220329_1643_5_5_2.jpg
028,028_220329_1643_5_5_3.jpg
028,028_220329_1643_5_5_4.jpg
028,028_220329_1643_5_5_5.jpg
028,028_220329_1643_5_5_6.jpg
028,028_220329_1643_5_5_8.jpg
028,028_220331_0637_5_5_1.jpg
028,028_220331_0637_5_5_2.jpg
028,028_220331_0637_5_5_4.jpg
028,028_220331_0637_5_5_5.jpg
028,028_220331_0637_5_5_7.jpg
028,028_220331_0637_5_5_8.jpg
028,028_220331_0642_5_5_1.jpg
028,028_220331_0642_5_5_2.jpg
028,028_220331_0642_5_5_3.jpg
028,028_220331_0642_5_5_4.jpg
028,028_220331_0642_5_5_5.jpg
028,028_220331_0642_5_5_6.jpg
028,028_220331_0642_5_5_7.jpg
028,028_220331_0642_5_5_8.jpg
028,028_220331_1627_5_5_1.jpg
028,028_220331_1627_5_5_3.jpg
028,028_220331_1627_5_5_4.jpg
028,028_220331_1627_5_5_5.jpg
028,028_220331_1627_5_5_6.jpg
028,028_220331_1627_5_5_7.jpg
028,028_220331_1627_5_5_8.jpg
029,029_220323_1647_5_5_1.jpg
029,029_220323_2105_5_5_1.jpg
029,029_220323_2105_5_5_2.jpg
029,029_220323_2105_5_5_3.jpg
029,029_220323_2105_5_5_4.jpg
029,029_220323_2105_5_5_6.jpg
029,029_220323_2105_5_5_7.jpg
029,029_220323_2105_5_5_8.jpg
029,029_220324_0734_5_5_1.jpg
029,029_220324_0734_5_5_2.jpg
029,029_220324_0734_5_5_3.jpg
029,029_220324_0734_5_5_4.jpg
029,029_220324_0734_5_5_5.jpg
029,029_220324_0734_5_5_6.jpg
029,029_220324_0734_5_5_7.jpg
029,029_220324_0734_5_5_8.jpg
029,029_220324_0737_5_5_1.jpg
029,029_220324_0737_5_5_2.jpg
029,029_220324_0737_5_5_3.jpg
029,029_220324_0737_5_5_4.jpg
029,029_220324_0737_5_5_5.jpg
029,029_220324_0737_5_5_6.jpg
029,029_220324_0737_5_5_7.jpg
029,029_220324_0737_5_5_8.jpg
029,029_220324_0740_5_5_1.jpg
029,029_220324_0740_5_5_2.jpg
029,029_220324_0740_5_5_3.jpg
029,029_220324_0740_5_5_4.jpg
029,029_220324_0740_5_5_5.jpg
029,029_220324_0740_5_5_6.jpg
029,029_220324_0740_5_5_7.jpg
029,029_220324_0740_5_5_8.jpg
029,029_220324_0744_5_5_1.jpg
029,029_220324_0744_5_5_2.jpg
029,029_220324_0744_5_5_3.jpg
029,029_220324_0744_5_5_4.jpg
029,029_220324_0744_5_5_5.jpg
029,029_220324_0744_5_5_6.jpg
029,029_220324_0744_5_5_7.jpg
029,029_220324_0744_5_5_8.jpg
029,029_220324_1107_5_5_1.jpg
029,029_220324_1107_5_5_2.jpg
029,029_220324_1107_5_5_3.jpg
029,029_220324_1107_5_5_4.jpg
029,029_220324_1107_5_5_6.jpg
029,029_220324_1107_5_5_7.jpg
029,029_220324_1107_5_5_8.jpg
029,029_220324_1108_1_0_1.jpg
030,030_220327_1406_5_5_8.jpg
030,030_220331_0927_5_5_2.jpg
032,032_220326_1633_5_5_7.jpg
032,032_220326_1633_5_5_8.jpg
032,032_220326_1636_5_5_1.jpg
032,032_220326_1636_5_5_5.jpg
121,121_220330_1813_4_0_10.jpg
127,127_220330_1856_1_0_9.jpg
127,127_220330_1857_1_0_1.jpg
127,127_220330_1857_1_0_10.jpg
127,127_220330_1857_1_0_2.jpg
127,127_220330_1857_1_0_3.jpg
127,127_220330_1857_1_0_4.jpg
127,127_220330_1857_1_0_5.jpg
127,127_220330_1857_1_0_6.jpg
127,127_220330_1857_1_0_7.jpg
127,127_220330_1857_1_0_8.jpg
127,127_220330_1857_1_0_9.jpg
127,127_220330_1858_1_0_10.jpg
127,127_220330_1858_1_0_11.jpg
127,127_220330_1858_1_0_12.jpg
127,127_220330_1858_1_0_13.jpg
127,127_220330_1858_1_0_14.jpg
127,127_220330_1858_1_0_15.jpg
127,127_220330_1858_1_0_16.jpg
127,127_220330_1858_1_0_17.jpg
127,127_220330_1858_1_0_20.jpg
127,127_220330_1858_1_0_21.jpg
127,127_220330_1858_1_0_22.jpg
127,127_220330_1858_1_0_23.jpg
127,127_220330_1858_1_0_24.jpg
127,127_220330_1858_1_0_25.jpg
127,127_220330_1858_1_0_26.jpg
127,127_220330_1858_1_0_27.jpg
127,127_220330_1858_1_0_8.jpg
127,127_220330_1858_1_0_9.jpg
127,127_220330_1900_4_0_1.jpg
127,127_220331_1704_5_5_1.jpg
127,127_220331_1704_5_5_2.jpg
127,127_220331_1704_5_5_3.jpg
127,127_220331_1704_5_5_4.jpg
127,127_220331_1704_5_5_5.jpg
127,127_220331_1704_5_5_6.jpg
127,127_220331_1704_5_5_8.jpg
127,127_220331_1709_1_0_2.jpg
127,127_220331_1710_1_0_12.jpg
127,127_220331_1710_1_0_13.jpg
127,127_220331_1710_1_0_20.jpg
127,127_220331_1710_1_0_22.jpg
127,127_220331_1710_1_0_24.jpg
127,127_220331_1710_1_0_25.jpg
127,127_220331_1710_1_0_28.jpg
127,127_220331_1710_5_5_1.jpg
127,127_220331_1710_5_5_2.jpg
127,127_220331_1710_5_5_3.jpg
127,127_220331_1710_5_5_4.jpg
127,127_220331_1710_5_5_5.jpg
127,127_220331_1710_5_5_6.jpg
127,127_220331_1804_5_5_1.jpg
127,127_220331_1804_5_5_2.jpg
127,127_220331_1804_5_5_3.jpg
127,127_220331_1805_4_0_1.jpg
127,127_220331_1805_4_0_2.jpg
127,127_220331_1805_4_0_3.jpg
127,127_220331_1805_4_0_4.jpg
127,127_220331_1805_4_0_5.jpg
127,127_220331_1821_4_0_1.jpg
127,127_220331_1821_4_0_2.jpg
154,154_220326_1843_5_5_2.jpg
154,154_220326_1843_5_5_3.jpg
154,154_220326_1843_5_5_4.jpg
154,154_220326_1843_5_5_5.jpg
154,154_220326_1843_5_5_6.jpg
154,154_220326_1843_5_5_7.jpg
154,154_220326_1843_5_5_8.jpg
154,154_220326_1844_1_0_48.jpg
154,154_220326_1844_1_0_49.jpg
154,154_220328_1125_1_0_9.jpg
154,154_220328_1126_1_0_1.jpg
154,154_220328_1126_1_0_10.jpg
154,154_220328_1126_1_0_11.jpg
154,154_220328_1126_1_0_12.jpg
154,154_220328_1126_1_0_13.jpg
154,154_220328_1126_1_0_14.jpg
154,154_220328_1126_1_0_2.jpg
154,154_220328_1126_1_0_3.jpg
154,154_220328_1126_1_0_4.jpg
154,154_220328_1126_1_0_5.jpg
154,154_220328_1126_1_0_6.jpg
154,154_220328_1126_1_0_7.jpg
154,154_220328_1126_1_0_8.jpg
154,154_220328_1126_1_0_9.jpg
154,154_220328_1126_5_5_1.jpg
154,154_220328_1126_5_5_2.jpg
154,154_220328_1126_5_5_3.jpg
154,154_220328_1126_5_5_4.jpg
154,154_220328_1126_5_5_5.jpg
154,154_220328_1126_5_5_6.jpg
154,154_220328_1126_5_5_7.jpg
154,154_220328_1126_5_5_8.jpg
154,154_220328_1130_2_0_1.jpg
154,154_220328_1130_2_0_2.jpg
154,154_220328_1130_5_5_1.jpg
154,154_220328_1132_5_5_1.jpg
154,154_220328_1132_5_5_2.jpg
154,154_220328_1132_5_5_3.jpg
154,154_220328_1132_5_5_4.jpg
154,154_220328_1132_5_5_5.jpg
154,154_220328_1132_5_5_6.jpg
154,154_220328_1132_5_5_7.jpg
154,154_220328_1133_1_0_1.jpg
154,154_220328_1133_1_0_2.jpg
154,154_220328_1136_4_0_1.jpg
154,154_220328_1136_4_0_10.jpg
154,154_220328_1136_4_0_11.jpg
154,154_220328_1136_4_0_12.jpg
154,154_220328_1136_4_0_13.jpg
154,154_220328_1136_4_0_14.jpg
154,154_220328_1136_4_0_15.jpg
154,154_220328_1136_4_0_16.jpg
154,154_220328_1136_4_0_17.jpg
154,154_220328_1136_4_0_18.jpg
154,154_220328_1136_4_0_19.jpg
154,154_220328_1136_4_0_2.jpg
154,154_220328_1136_4_0_20.jpg
154,154_220328_1136_4_0_21.jpg
154,154_220328_1136_4_0_22.jpg
154,154_220328_1136_4_0_23.jpg
154,154_220328_1136_4_0_24.jpg
154,154_220328_1136_4_0_25.jpg
154,154_220328_1136_4_0_26.jpg
154,154_220328_1136_4_0_3.jpg
154,154_220328_1136_4_0_5.jpg
154,154_220328_1136_4_0_6.jpg
154,154_220328_1136_4_0_7.jpg
154,154_220328_1136_4_0_8.jpg
154,154_220328_1136_4_0_9.jpg
154,154_220328_1138_4_0_1.jpg
154,154_220328_1138_4_0_2.jpg
154,154_220328_1138_5_5_1.jpg
154,154_220328_1649_5_5_2.jpg
154,154_220328_1649_5_5_3.jpg
154,154_220328_1649_5_5_4.jpg
154,154_220328_1649_5_5_5.jpg
154,154_220328_1649_5_5_6.jpg
154,154_220328_1649_5_5_8.jpg
154,154_220328_1652_1_0_1.jpg
154,154_220328_1652_1_0_2.jpg
154,154_220328_1652_1_0_3.jpg
154,154_220328_1655_1_0_1.jpg
154,154_220329_2148_1_0_15.jpg
154,154_220329_2148_1_0_16.jpg
154,154_220329_2148_1_0_17.jpg
154,154_220329_2148_1_0_18.jpg
154,154_220329_2148_1_0_19.jpg
154,154_220329_2148_1_0_20.jpg
154,154_220329_2148_1_0_21.jpg
154,154_220329_2148_1_0_22.jpg
154,154_220329_2148_1_0_23.jpg
154,154_220329_2148_1_0_24.jpg
154,154_220329_2148_1_0_25.jpg
154,154_220329_2148_1_0_26.jpg
154,154_220329_2148_1_0_27.jpg
154,154_220329_2148_1_0_28.jpg
154,154_220329_2148_1_0_29.jpg
154,154_220329_2148_1_0_30.jpg
154,154_220329_2148_1_0_31.jpg
154,154_220329_2148_1_0_32.jpg
154,154_220329_2148_1_0_33.jpg
154,154_220329_2148_1_0_34.jpg
154,154_220330_0705_5_5_1.jpg
154,154_220330_0705_5_5_2.jpg
154,154_220330_0705_5_5_3.jpg
154,154_220330_0705_5_5_4.jpg
154,154_220330_0705_5_5_5.jpg
154,154_220330_0705_5_5_6.jpg
154,154_220330_0705_5_5_7.jpg
154,154_220330_0705_5_5_8.jpg
154,154_220330_0711_5_5_1.jpg
154,154_220330_0711_5_5_2.jpg
154,154_220330_0711_5_5_3.jpg
154,154_220330_0711_5_5_5.jpg
154,154_220330_0711_5_5_6.jpg
154,154_220330_0711_5_5_7.jpg
154,154_220330_0711_5_5_8.jpg
154,154_220330_0714_4_0_1.jpg
154,154_220330_0715_1_0_1.jpg
154,154_220330_0715_1_0_10.jpg
154,154_220330_0715_1_0_11.jpg
154,154_220330_0715_1_0_12.jpg
154,154_220330_0715_1_0_2.jpg
154,154_220330_0715_1_0_3.jpg
154,154_220330_0715_1_0_4.jpg
154,154_220330_0715_1_0_5.jpg
154,154_220330_0715_1_0_6.jpg
154,154_220330_0715_1_0_7.jpg
154,154_220330_0715_1_0_8.jpg
154,154_220330_0715_1_0_9.jpg
154,154_220330_0715_3_0_1.jpg
154,154_220330_0715_3_0_2.jpg
154,154_220330_0716_2_0_1.jpg
154,154_220330_0717_5_5_1.jpg
154,154_220330_0717_5_5_2.jpg
154,154_220330_0717_5_5_3.jpg
154,154_220330_0717_5_5_4.jpg
154,154_220330_0717_5_5_5.jpg
154,154_220330_0717_5_5_6.jpg
154,154_220330_0717_5_5_7.jpg
154,154_220330_0717_5_5_8.jpg
154,154_220330_0718_1_0_1.jpg
154,154_220330_0718_1_0_2.jpg
154,154_220330_0718_1_0_3.jpg
154,154_220330_0719_1_0_1.jpg
154,154_220330_0719_1_0_2.jpg
154,154_220330_0719_1_0_3.jpg
154,154_220330_0719_1_0_4.jpg
154,154_220330_0719_1_0_5.jpg
154,154_220330_0719_1_0_6.jpg
154,154_220330_0722_2_0_1.jpg
154,154_220330_0723_4_0_1.jpg
154,154_220330_0723_4_0_10.jpg
154,154_220330_0723_4_0_11.jpg
154,154_220330_0723_4_0_12.jpg
154,154_220330_0723_4_0_13.jpg
154,154_220330_0723_4_0_15.jpg
154,154_220330_0723_4_0_16.jpg
154,154_220330_0723_4_0_17.jpg
154,154_220330_0723_4_0_2.jpg
154,154_220330_0723_4_0_3.jpg
154,154_220330_0723_4_0_4.jpg
154,154_220330_0723_4_0_5.jpg
154,154_220330_0723_4_0_6.jpg
154,154_220330_0723_4_0_7.jpg
154,154_220330_0723_4_0_8.jpg
154,154_220330_0723_4_0_9.jpg
154,154_220330_0723_5_5_1.jpg
154,154_220330_0724_4_0_1.jpg
154,154_220330_0724_4_0_10.jpg
154,154_220330_0724_4_0_11.jpg
154,154_220330_0724_4_0_2.jpg
154,154_220330_0724_4_0_3.jpg
154,154_220330_0724_4_0_4.jpg
154,154_220330_0724_4_0_5.jpg
154,154_220330_0724_4_0_6.jpg
154,154_220330_0724_4_0_7.jpg
154,154_220330_0724_4_0_8.jpg
154,154_220330_0724_4_0_9.jpg
154,154_220330_1023_4_0_1.jpg
154,154_220330_1023_4_0_2.jpg
154,154_220330_1023_4_0_3.jpg
154,154_220330_1023_4_0_4.jpg
154,154_220330_1023_5_5_1.jpg
154,154_220330_1023_5_5_2.jpg
154,154_220330_1023_5_5_3.jpg
154,154_220330_1023_5_5_4.jpg
154,154_220330_1023_5_5_5.jpg
154,154_220330_1023_5_5_6.jpg
154,154_220330_1023_5_5_7.jpg
154,154_220330_1023_5_5_8.jpg
154,154_220330_1024_4_0_1.jpg
154,154_220330_1029_4_0_1.jpg
154,154_220330_1029_4_0_2.jpg
154,154_220330_1029_4_0_3.jpg
154,154_220330_1029_4_0_4.jpg
154,154_220330_1031_4_0_1.jpg
154,154_220330_1031_4_0_10.jpg
154,154_220330_1031_4_0_11.jpg
154,154_220330_1031_4_0_12.jpg
154,154_220330_1031_4_0_13.jpg
154,154_220330_1031_4_0_14.jpg
154,154_220330_1031_4_0_15.jpg
154,154_220330_1031_4_0_16.jpg
154,154_220330_1031_4_0_17.jpg
154,154_220330_1031_4_0_18.jpg
154,154_220330_1031_4_0_19.jpg
154,154_220330_1031_4_0_2.jpg
154,154_220330_1031_4_0_20.jpg
154,154_220330_1031_4_0_21.jpg
154,154_220330_1031_4_0_3.jpg
154,154_220330_1031_4_0_4.jpg
154,154_220330_1031_4_0_5.jpg
154,154_220330_1031_4_0_6.jpg
154,154_220330_1031_4_0_7.jpg
154,154_220330_1031_4_0_8.jpg
154,154_220330_1031_4_0_9.jpg
154,154_220330_1032_2_0_1.jpg
154,154_220330_1032_4_0_1.jpg
154,154_220330_1032_4_0_10.jpg
154,154_220330_1032_4_0_11.jpg
154,154_220330_1032_4_0_12.jpg
154,154_220330_1032_4_0_13.jpg
154,154_220330_1032_4_0_14.jpg
154,154_220330_1032_4_0_15.jpg
154,154_220330_1032_4_0_16.jpg
154,154_220330_1032_4_0_17.jpg
154,154_220330_1032_4_0_18.jpg
154,154_220330_1032_4_0_19.jpg
154,154_220330_1032_4_0_20.jpg
154,154_220330_1032_4_0_21.jpg
154,154_220330_1032_4_0_22.jpg
154,154_220330_1032_4_0_23.jpg
154,154_220330_1032_4_0_24.jpg
154,154_220330_1032_4_0_25.jpg
154,154_220330_1032_4_0_26.jpg
154,154_220330_1032_4_0_27.jpg
154,154_220330_1032_4_0_28.jpg
154,154_220330_1032_4_0_6.jpg
154,154_220330_1032_4_0_9.jpg
154,154_220330_1033_4_0_18.jpg
154,154_220330_1033_4_0_19.jpg
154,154_220330_1033_4_0_20.jpg
154,154_220330_1033_4_0_21.jpg
154,154_220330_1033_4_0_22.jpg
154,154_220330_1033_4_0_23.jpg
154,154_220330_1033_4_0_24.jpg
154,154_220330_1033_4_0_25.jpg
154,154_220330_1033_4_0_26.jpg
154,154_220330_1033_4_0_27.jpg
154,154_220330_1033_4_0_28.jpg
154,154_220330_1033_4_0_29.jpg
154,154_220330_1033_4_0_30.jpg
154,154_220330_1033_4_0_31.jpg
154,154_220330_1033_4_0_32.jpg
154,154_220330_1033_4_0_33.jpg
154,154_220330_1033_4_0_34.jpg
154,154_220330_1033_4_0_35.jpg
154,154_220330_1033_4_0_36.jpg
154,154_220330_1033_4_0_37.jpg
154,154_220330_1542_5_5_1.jpg
154,154_220330_1542_5_5_2.jpg
154,154_220330_1542_5_5_3.jpg
154,154_220330_1544_4_0_1.jpg
154,154_220330_1544_4_0_2.jpg
154,154_220330_1544_4_0_3.jpg
154,154_220330_1545_1_0_1.jpg
154,154_220330_1545_1_0_10.jpg
154,154_220330_1545_1_0_11.jpg
154,154_220330_1545_1_0_12.jpg
154,154_220330_1545_1_0_13.jpg
154,154_220330_1545_1_0_14.jpg
154,154_220330_1545_1_0_15.jpg
154,154_220330_1545_1_0_16.jpg
154,154_220330_1545_1_0_17.jpg
154,154_220330_1545_1_0_18.jpg
154,154_220330_1545_1_0_19.jpg
154,154_220330_1545_1_0_20.jpg
154,154_220330_1545_1_0_21.jpg
154,154_220330_1545_1_0_22.jpg
154,154_220330_1545_1_0_23.jpg
154,154_220330_1545_1_0_24.jpg
154,154_220330_1545_1_0_5.jpg
154,154_220330_1545_1_0_6.jpg
154,154_220330_1545_1_0_7.jpg
154,154_220330_1545_1_0_8.jpg
154,154_220330_1545_1_0_9.jpg
154,154_220330_1545_2_0_1.jpg
154,154_220330_1545_2_0_10.jpg
154,154_220330_1545_2_0_11.jpg
154,154_220330_1545_2_0_12.jpg
154,154_220330_1545_2_0_13.jpg
154,154_220330_1545_2_0_14.jpg
154,154_220330_1545_2_0_15.jpg
154,154_220330_1545_2_0_16.jpg
154,154_220330_1545_2_0_17.jpg
154,154_220330_1545_2_0_18.jpg
154,154_220330_1545_2_0_19.jpg
154,154_220330_1545_2_0_2.jpg
154,154_220330_1545_2_0_20.jpg
154,154_220330_1545_2_0_21.jpg
154,154_220330_1545_2_0_22.jpg
154,154_220330_1545_2_0_23.jpg
154,154_220330_1545_2_0_24.jpg
154,154_220330_1545_2_0_25.jpg
154,154_220330_1545_2_0_26.jpg
154,154_220330_1545_2_0_27.jpg
154,154_220330_1545_2_0_28.jpg
154,154_220330_1545_2_0_29.jpg
154,154_220330_1545_2_0_3.jpg
154,154_220330_1555_1_0_1.jpg
154,154_220330_1555_1_0_10.jpg
154,154_220330_1555_1_0_11.jpg
154,154_220330_1555_1_0_12.jpg
154,154_220330_1555_1_0_2.jpg
154,154_220330_1555_1_0_3.jpg
154,154_220330_1555_1_0_4.jpg
154,154_220330_1555_1_0_5.jpg
154,154_220330_1555_1_0_6.jpg
154,154_220330_1555_1_0_7.jpg
154,154_220330_1555_1_0_8.jpg
154,154_220330_1555_1_0_9.jpg
154,154_220330_1602_5_5_1.jpg
154,154_220330_1857_1_0_1.jpg
154,154_220330_1857_1_0_10.jpg
154,154_220330_1857_1_0_2.jpg
154,154_220330_1857_1_0_3.jpg
154,154_220330_1857_1_0_4.jpg
154,154_220330_1857_1_0_5.jpg
154,154_220330_1857_1_0_6.jpg
154,154_220330_1857_1_0_7.jpg
154,154_220330_1857_1_0_8.jpg
154,154_220330_1857_1_0_9.jpg
155,155_220328_1655_1_0_41.jpg
155,155_220328_1655_1_0_42.jpg
155,155_220328_1655_1_0_43.jpg
155,155_220328_1655_1_0_44.jpg
155,155_220328_1655_1_0_45.jpg
155,155_220328_1655_1_0_46.jpg
155,155_220328_1655_1_0_47.jpg
157,157_220328_1715_1_0_19.jpg
157,157_220328_1731_5_5_2.jpg
157,157_220328_1731_5_5_3.jpg
157,157_220328_1731_5_5_5.jpg
157,157_220328_1731_5_5_6.jpg
157,157_220328_1734_1_0_1.jpg
158,158_220329_1351_5_5_1.jpg
158,158_220329_1351_5_5_2.jpg
158,158_220329_1351_5_5_3.jpg
158,158_220329_1351_5_5_4.jpg
158,158_220329_1351_5_5_5.jpg
158,158_220329_1403_5_5_1.jpg
158,158_220329_1403_5_5_2.jpg
158,158_220329_1403_5_5_3.jpg
158,158_220329_1403_5_5_4.jpg
158,158_220329_1403_5_5_5.jpg
158,158_220329_1413_5_5_2.jpg
158,158_220329_1413_5_5_3.jpg
158,158_220329_1413_5_5_4.jpg
158,158_220329_1413_5_5_5.jpg
158,158_220329_1413_5_5_6.jpg
158,158_220329_1413_5_5_7.jpg
158,158_220329_1413_5_5_8.jpg
158,158_220329_1423_5_5_1.jpg
158,158_220329_1423_5_5_2.jpg
158,158_220329_1423_5_5_3.jpg
158,158_220329_1430_5_5_1.jpg
158,158_220329_1430_5_5_2.jpg
158,158_220329_1430_5_5_3.jpg
158,158_220329_1430_5_5_4.jpg
158,158_220329_1430_5_5_5.jpg
158,158_220329_1430_5_5_6.jpg
158,158_220329_1430_5_5_7.jpg
158,158_220329_1430_5_5_8.jpg
158,158_220329_1441_3_0_1.jpg
158,158_220329_1441_3_0_2.jpg
158,158_220329_1441_3_0_3.jpg
158,158_220329_1441_3_0_4.jpg
158,158_220329_1441_3_0_5.jpg
158,158_220329_1441_3_0_6.jpg
158,158_220329_1441_3_0_7.jpg
158,158_220329_1442_1_0_1.jpg
158,158_220329_1442_1_0_2.jpg
158,158_220329_1442_1_0_3.jpg
158,158_220329_1442_1_0_4.jpg
158,158_220329_1442_1_0_5.jpg
158,158_220329_1442_1_0_6.jpg
158,158_220329_1442_1_0_7.jpg
158,158_220329_1443_1_0_1.jpg
158,158_220329_1443_1_0_2.jpg
158,158_220329_1443_1_0_3.jpg
158,158_220329_1443_1_0_4.jpg
158,158_220329_1443_1_0_5.jpg
158,158_220330_1212_5_5_5.jpg
158,158_220330_1212_5_5_6.jpg
158,158_220330_1219_1_0_1.jpg
158,158_220330_1227_5_5_1.jpg
158,158_220330_1227_5_5_2.jpg
158,158_220330_1227_5_5_3.jpg
158,158_220330_1227_5_5_4.jpg
158,158_220330_1227_5_5_5.jpg
158,158_220330_1227_5_5_6.jpg
158,158_220330_1227_5_5_7.jpg
158,158_220330_1231_1_0_1.jpg
158,158_220330_1231_1_0_2.jpg
158,158_220330_1231_1_0_3.jpg
158,158_220330_1231_1_0_4.jpg
158,158_220331_0941_5_5_5.jpg
158,158_220331_0941_5_5_8.jpg
158,158_220331_0950_1_0_1.jpg
158,158_220331_0951_1_0_1.jpg
158,158_220331_0951_1_0_2.jpg
158,158_220331_0951_1_0_3.jpg
158,158_220331_0951_1_0_4.jpg
158,158_220331_0954_5_5_1.jpg
158,158_220331_1020_5_5_1.jpg
158,158_220331_1020_5_5_2.jpg
158,158_220331_1020_5_5_3.jpg
158,158_220331_1020_5_5_4.jpg
158,158_220331_1020_5_5_5.jpg
158,158_220331_1020_5_5_6.jpg
158,158_220331_1020_5_5_7.jpg
158,158_220331_1020_5_5_8.jpg
158,158_220331_1037_5_5_4.jpg
158,158_220331_1037_5_5_6.jpg
158,158_220331_1037_5_5_8.jpg
158,158_220331_1046_2_0_1.jpg
158,158_220331_1101_5_5_1.jpg
158,158_220331_1707_5_5_1.jpg
158,158_220331_1707_5_5_2.jpg
158,158_220331_1707_5_5_3.jpg
158,158_220331_1707_5_5_4.jpg
158,158_220331_1707_5_5_5.jpg
158,158_220331_1707_5_5_6.jpg
158,158_220331_1707_5_5_7.jpg
158,158_220331_1707_5_5_8.jpg
158,158_220331_1721_5_5_1.jpg
158,158_220331_1721_5_5_2.jpg
158,158_220331_1721_5_5_3.jpg
158,158_220331_1721_5_5_4.jpg
158,158_220331_1721_5_5_5.jpg
158,158_220331_1721_5_5_6.jpg
158,158_220331_1721_5_5_7.jpg
158,158_220331_1721_5_5_8.jpg
158,158_220331_1824_5_5_1.jpg
158,158_220331_1824_5_5_3.jpg
158,158_220331_1824_5_5_4.jpg
158,158_220331_1840_5_5_1.jpg
158,158_220331_1840_5_5_2.jpg
158,158_220331_1840_5_5_3.jpg
158,158_220331_1840_5_5_4.jpg
158,158_220331_1840_5_5_5.jpg
158,158_220331_1840_5_5_6.jpg
158,158_220331_1840_5_5_7.jpg
158,158_220331_1840_5_5_8.jpg
158,158_220331_1852_4_0_1.jpg
158,158_220331_1855_5_5_1.jpg
158,158_220331_1855_5_5_2.jpg
158,158_220331_1855_5_5_3.jpg
158,158_220331_1855_5_5_4.jpg
158,158_220331_1855_5_5_5.jpg
158,158_220331_1855_5_5_6.jpg
158,158_220331_1855_5_5_7.jpg
158,158_220331_1855_5_5_8.jpg
158,158_220331_1910_5_5_1.jpg
158,158_220331_1910_5_5_2.jpg
158,158_220331_1910_5_5_3.jpg
158,158_220331_1910_5_5_4.jpg
158,158_220331_1910_5_5_5.jpg
158,158_220331_1910_5_5_6.jpg
158,158_220331_1910_5_5_8.jpg
158,158_220331_1914_1_0_1.jpg
158,158_220331_1914_1_0_2.jpg
158,158_220331_1914_1_0_3.jpg
158,158_220331_1914_1_0_4.jpg
158,158_220331_1914_1_0_5.jpg
158,158_220331_1925_1_0_1.jpg
158,158_220331_1925_1_0_2.jpg
158,158_220331_1925_1_0_3.jpg
158,158_220331_1929_1_0_1.jpg
158,158_220331_1929_1_0_2.jpg
158,158_220331_1929_1_0_3.jpg
158,158_220331_1929_1_0_4.jpg
163,163_220329_1431_3_0_1.jpg
163,163_220329_1431_3_0_14.jpg
163,163_220329_1431_3_0_15.jpg
168,168_220329_1637_1_0_1.jpg
168,168_220329_1637_1_0_2.jpg
168,168_220329_1637_1_0_3.jpg
168,168_220329_1637_1_0_4.jpg
168,168_220329_1637_1_0_5.jpg
168,168_220329_1637_1_0_6.jpg
168,168_220329_1637_1_0_7.jpg
168,168_220329_1638_1_0_1.jpg
170,170_220329_1700_1_0_1.jpg
170,170_220329_1700_1_0_2.jpg
170,170_220329_1700_1_0_3.jpg
170,170_220329_1700_1_0_4.jpg
170,170_220329_1700_1_0_5.jpg
170,170_220329_1700_1_0_6.jpg
170,170_220329_1700_3_0_1.jpg
170,170_220329_1700_3_0_4.jpg
170,170_220329_1700_3_0_5.jpg
170,170_220329_1700_3_0_9.jpg
173,173_220328_1659_1_0_1.jpg
173,173_220328_1659_1_0_2.jpg
173,173_220328_1659_1_0_3.jpg
173,173_220328_1700_1_0_1.jpg
173,173_220328_1700_1_0_2.jpg
173,173_220328_1700_1_0_3.jpg
175,175_220330_1212_3_0_1.jpg
175,175_220330_1212_3_0_2.jpg
175,175_220330_1212_3_0_3.jpg
175,175_220330_1212_3_0_4.jpg
175,175_220330_1213_1_0_1.jpg
175,175_220330_1213_1_0_2.jpg
175,175_220330_1213_4_0_3.jpg
175,175_220330_1213_4_0_4.jpg
177,177_220330_1406_1_0_1.jpg
177,177_220330_1406_1_0_10.jpg
177,177_220330_1406_1_0_11.jpg
177,177_220330_1406_1_0_12.jpg
177,177_220330_1406_1_0_13.jpg
177,177_220330_1406_1_0_14.jpg
177,177_220330_1406_1_0_15.jpg
177,177_220330_1406_1_0_16.jpg
177,177_220330_1406_1_0_17.jpg
177,177_220330_1406_1_0_18.jpg
177,177_220330_1406_1_0_19.jpg
177,177_220330_1406_1_0_2.jpg
177,177_220330_1406_1_0_20.jpg
177,177_220330_1406_1_0_21.jpg
177,177_220330_1406_1_0_22.jpg
177,177_220330_1406_1_0_23.jpg
177,177_220330_1406_1_0_24.jpg
177,177_220330_1406_1_0_25.jpg
177,177_220330_1406_1_0_3.jpg
177,177_220330_1406_1_0_6.jpg
177,177_220330_1406_1_0_7.jpg
177,177_220330_1406_1_0_8.jpg
177,177_220330_1406_1_0_9.jpg
177,177_220330_1407_1_0_1.jpg
178,178_220330_1443_1_0_1.jpg
178,178_220330_1443_1_0_2.jpg
178,178_220330_1443_1_0_3.jpg
178,178_220330_1443_1_0_4.jpg
178,178_220330_1444_1_0_1.jpg
179,179_220330_1459_1_0_1.jpg
179,179_220330_1459_1_0_2.jpg
179,179_220330_1459_1_0_3.jpg
179,179_220330_1459_1_0_4.jpg
179,179_220330_1459_1_0_5.jpg
179,179_220330_1500_1_0_1.jpg
179,179_220330_1500_1_0_2.jpg
179,179_220330_1500_1_0_3.jpg
179,179_220330_1501_1_0_1.jpg
179,179_220330_1501_1_0_2.jpg
179,179_220330_1501_1_0_3.jpg
179,179_220330_1501_1_0_4.jpg
179,179_220330_1501_1_0_5.jpg
179,179_220330_1501_1_0_6.jpg
181,181_220330_1611_1_0_1.jpg
181,181_220330_1611_1_0_3.jpg
181,181_220330_1611_1_0_4.jpg
181,181_220330_1611_1_0_5.jpg
181,181_220330_1611_1_0_6.jpg
183,183_220331_1053_1_0_1.jpg
183,183_220331_1053_1_0_100.jpg
183,183_220331_1053_1_0_101.jpg
183,183_220331_1053_1_0_102.jpg
183,183_220331_1053_1_0_2.jpg
183,183_220331_1053_1_0_83.jpg
183,183_220331_1053_1_0_84.jpg
183,183_220331_1053_1_0_85.jpg
183,183_220331_1053_1_0_86.jpg
183,183_220331_1053_1_0_87.jpg
183,183_220331_1053_1_0_88.jpg
183,183_220331_1053_1_0_89.jpg
183,183_220331_1053_1_0_90.jpg
183,183_220331_1053_1_0_91.jpg
183,183_220331_1053_1_0_92.jpg
183,183_220331_1053_1_0_93.jpg
183,183_220331_1053_1_0_94.jpg
183,183_220331_1053_1_0_95.jpg
183,183_220331_1053_1_0_96.jpg
183,183_220331_1053_1_0_97.jpg
183,183_220331_1053_1_0_98.jpg
183,183_220331_1053_1_0_99.jpg
183,183_220331_1054_1_0_1.jpg
183,183_220331_1054_1_0_2.jpg
183,183_220331_1054_1_0_3.jpg
185,185_220331_1133_2_0_1.jpg
185,185_220331_1133_2_0_10.jpg
185,185_220331_1133_2_0_11.jpg
185,185_220331_1133_2_0_2.jpg
185,185_220331_1133_2_0_3.jpg
185,185_220331_1133_2_0_4.jpg
185,185_220331_1133_2_0_5.jpg
185,185_220331_1133_2_0_6.jpg
185,185_220331_1133_2_0_7.jpg
185,185_220331_1133_2_0_8.jpg
185,185_220331_1133_2_0_9.jpg
187,187_220331_1422_1_0_7.jpg
187,187_220331_1422_1_0_8.jpg
188,188_220331_1430_2_0_1.jpg
188,188_220331_1430_2_0_2.jpg
188,188_220331_1430_2_0_3.jpg
188,188_220331_1430_2_0_4.jpg
188,188_220331_1430_2_0_5.jpg
189,189_220331_1442_1_0_1.jpg
189,189_220331_1442_1_0_2.jpg
189,189_220331_1442_1_0_3.jpg
189,189_220331_1442_1_0_4.jpg
189,189_220331_1442_1_0_5.jpg
189,189_220331_1442_1_0_6.jpg
189,189_220331_1442_1_0_7.jpg
189,189_220331_1442_1_0_8.jpg
189,189_220331_1442_3_0_1.jpg
189,189_220331_1442_3_0_2.jpg
189,189_220331_1442_4_0_1.jpg
189,189_220331_1442_4_0_2.jpg
189,189_220331_1442_4_0_3.jpg
192,192_220331_1637_4_0_1.jpg
192,192_220331_1637_4_0_4.jpg
192,192_220331_1637_4_0_5.jpg
192,192_220331_1638_4_0_1.jpg
192,192_220331_1638_4_0_2.jpg
192,192_220331_1638_4_0_3.jpg
192,192_220331_1638_4_0_4.jpg
192,192_220331_1638_4_0_7.jpg
192,192_220331_1639_1_0_1.jpg
192,192_220331_1639_1_0_10.jpg
192,192_220331_1639_1_0_2.jpg
192,192_220331_1639_1_0_3.jpg
192,192_220331_1639_1_0_4.jpg
192,192_220331_1639_1_0_5.jpg
192,192_220331_1639_1_0_7.jpg
192,192_220331_1639_1_0_8.jpg
192,192_220331_1639_1_0_9.jpg
192,192_220331_1639_4_0_1.jpg
192,192_220331_1639_4_0_2.jpg
192,192_220331_1639_4_0_3.jpg
193,193_220331_1718_1_0_1.jpg
193,193_220331_1718_1_0_2.jpg
193,193_220331_1718_1_0_3.jpg
193,193_220331_1718_1_0_4.jpg
